{
  "IcoMoonType": "selection",
  "icons": [
    {
      "icon": {
        "paths": [
          "M801.344 597.504v-399.584c0-39.488-32-71.552-71.552-71.552l-626.272 0c-39.52-0.032-71.552 32.032-71.552 71.552v399.584c0 39.52 32.032 71.552 71.552 71.552h119.328v164.384l182.528-164.384h324.384c39.584 0 71.584-32.032 71.584-71.552zM920.48 283.456h-89.536c0 0 0 319.104 0 349.088s-38.912 68.544-68.896 68.544-350.24 1.76-350.24 1.76c0 39.52 32.032 63.552 71.552 63.552h137.888l179.904 163.264-0.224-163.264h119.552c39.552 0 71.552-24.032 71.552-63.552v-349.824c0-39.488-32-69.568-71.552-69.568z"
        ],
        "attrs": [],
        "isMulticolor": false,
        "isMulticolor2": false,
        "tags": [
          "chat",
          "comments",
          "bubble",
          "talk"
        ],
        "grid": 32
      },
      "attrs": [],
      "properties": {
        "id": 221,
        "order": 12,
        "prevSize": 32,
        "code": 59648,
        "name": "chat"
      },
      "setIdx": 6,
      "setId": 13,
      "iconIdx": 220
    },
    {
      "icon": {
        "paths": [
          "M805.973 299.179c34.475-21.163 57.301-50.048 68.48-86.784-33.536 17.792-66.944 29.995-100.309 36.736-29.995-32.256-67.968-48.64-113.493-48.64-44.501 0-82.091 15.616-112.768 45.995-30.507 30.592-45.909 67.755-45.909 111.147 0 13.184 1.664 24.96 4.992 34.944-131.243-4.48-239.872-58.923-325.461-163.712-14.507 25.643-21.76 51.755-21.76 78.763 0 55.509 23.424 99.499 70.187 131.797-26.667-2.261-50.176-9.003-70.187-20.053 0 39.637 11.648 72.747 34.987 101.888 23.424 28.843 53.504 47.232 90.24 55.083-13.312 3.413-27.349 5.035-41.771 5.035-13.312 0-22.741-1.109-28.331-3.541 9.813 32.299 28.331 58.496 55.083 78.549 26.667 20.139 57.344 30.763 91.819 31.701-56.832 44.587-121.813 66.645-195.328 66.645-18.005 0-30.763-0.256-38.485-1.621 72.405 47.019 153.003 70.357 242.176 70.357 91.264 0 171.904-23.125 242.091-69.376 70.187-45.995 121.984-102.741 155.264-169.557 33.451-66.731 50.005-136.192 50.005-208.725v-19.968c32.341-24.32 58.496-51.712 78.507-81.963-29.013 12.501-59.008 20.992-90.027 25.301z"
        ],
        "attrs": [],
        "isMulticolor": false,
        "isMulticolor2": false,
        "tags": [
          "social-twitter"
        ],
        "grid": 24
      },
      "attrs": [],
      "properties": {
        "id": 97,
        "order": 14,
        "prevSize": 24,
        "code": 59649,
        "name": "witter"
      },
      "setIdx": 7,
      "setId": 12,
      "iconIdx": 96
    },
    {
      "icon": {
        "paths": [
          "M554.667 426.667h128v128h-128v298.667h-128v-298.667h-128v-128h128v-53.547c0-50.731 15.957-114.816 47.701-149.845 31.744-35.115 71.381-52.608 118.869-52.608h89.429v128h-89.6c-21.248 0-38.4 17.152-38.4 38.357v89.643z"
        ],
        "attrs": [],
        "isMulticolor": false,
        "isMulticolor2": false,
        "tags": [
          "social-facebook"
        ],
        "grid": 24
      },
      "attrs": [],
      "properties": {
        "id": 98,
        "order": 15,
        "prevSize": 24,
        "code": 59650,
        "name": "fb"
      },
      "setIdx": 7,
      "setId": 12,
      "iconIdx": 97
    },
    {
      "icon": {
        "paths": [
          "M341.333 810.667h-128v-426.667h128v426.667zM810.667 810.667h-128v-227.925c0-59.392-21.163-88.96-63.104-88.96-33.237 0-54.315 16.555-64.896 49.707 0 53.845 0 267.179 0 267.179h-128c0 0 1.707-384 0-426.667h101.035l7.808 85.333h2.645c26.24-42.667 68.181-71.595 125.696-71.595 43.733 0 79.104 12.16 106.112 42.709 27.179 30.592 40.704 71.637 40.704 129.28v240.939z",
          "M343.467 277.333c0 35.346-29.609 64-66.133 64s-66.133-28.654-66.133-64c0-35.346 29.609-64 66.133-64 36.524 0 66.133 28.654 66.133 64z"
        ],
        "attrs": [],
        "isMulticolor": false,
        "isMulticolor2": false,
        "tags": [
          "social-linkedin"
        ],
        "grid": 24
      },
      "attrs": [],
      "properties": {
        "id": 109,
        "order": 16,
        "prevSize": 24,
        "code": 59651,
        "name": "in"
      },
      "setIdx": 7,
      "setId": 12,
      "iconIdx": 108
    },
    {
      "icon": {
        "paths": [
          "M316 334l196 196 196-196 60 60-256 256-256-256z"
        ],
        "attrs": [],
        "isMulticolor": false,
        "isMulticolor2": false,
        "tags": [
          "keyboard_arrow_down"
        ],
        "defaultCode": 58131,
        "grid": 24
      },
      "attrs": [],
      "properties": {
        "order": 11,
        "ligatures": "keyboard_arrow_down",
        "id": 411,
        "prevSize": 24,
        "code": 58131,
        "name": "arrow_down"
      },
      "setIdx": 8,
      "setId": 11,
      "iconIdx": 411
    },
    {
      "icon": {
        "paths": [
          "M366 698l196-196-196-196 60-60 256 256-256 256z"
        ],
        "attrs": [],
        "isMulticolor": false,
        "isMulticolor2": false,
        "tags": [
          "keyboard_arrow_right"
        ],
        "defaultCode": 58133,
        "grid": 24
      },
      "attrs": [],
      "properties": {
        "order": 10,
        "ligatures": "keyboard_arrow_right",
        "id": 413,
        "prevSize": 24,
        "code": 58133,
        "name": "arrow_right"
      },
      "setIdx": 8,
      "setId": 11,
      "iconIdx": 413
    },
    {
      "icon": {
        "paths": [
          "M128 213.333h768q17.667 0 30.167 12.5t12.5 30.167-12.5 30.167-30.167 12.5h-768q-17.667 0-30.167-12.5t-12.5-30.167 12.5-30.167 30.167-12.5zM128 725.333h768q17.667 0 30.167 12.5t12.5 30.167-12.5 30.167-30.167 12.5h-768q-17.667 0-30.167-12.5t-12.5-30.167 12.5-30.167 30.167-12.5zM128 469.333h768q17.667 0 30.167 12.5t12.5 30.167-12.5 30.167-30.167 12.5h-768q-17.667 0-30.167-12.5t-12.5-30.167 12.5-30.167 30.167-12.5z"
        ],
        "attrs": [],
        "isMulticolor": false,
        "isMulticolor2": false,
        "tags": [
          "menu"
        ],
        "defaultCode": 57632,
        "grid": 24
      },
      "attrs": [],
      "properties": {
        "id": 121,
        "order": 13,
        "prevSize": 24,
        "code": 57632,
        "name": "menu"
      },
      "setIdx": 10,
      "setId": 9,
      "iconIdx": 120
    },
    {
      "icon": {
        "paths": [
          "M512 0c-282.77 0-512 229.23-512 512s229.23 512 512 512 512-229.23 512-512-229.23-512-512-512zM512 928c-229.75 0-416-186.25-416-416s186.25-416 416-416 416 186.25 416 416-186.25 416-416 416zM384 288l384 224-384 224z"
        ],
        "tags": [
          "play",
          "player"
        ],
        "defaultCode": 59925,
        "grid": 16,
        "attrs": []
      },
      "attrs": [],
      "properties": {
        "ligatures": "play2, player",
        "name": "play",
        "order": 8,
        "id": 278,
        "prevSize": 32,
        "code": 59925
      },
      "setIdx": 18,
      "setId": 1,
      "iconIdx": 277
    }
  ],
  "height": 1024,
  "metadata": {
    "name": "icomoon"
  },
  "preferences": {
    "showGlyphs": true,
    "showQuickUse": true,
    "showQuickUse2": true,
    "showSVGs": true,
    "fontPref": {
      "prefix": "icon-",
      "metadata": {
        "fontFamily": "icomoon"
      },
      "metrics": {
        "emSize": 1024,
        "baseline": 6.25,
        "whitespace": 50
      },
      "embed": false
    },
    "imagePref": {
      "prefix": "icon-",
      "png": true,
      "useClassSelector": true,
      "color": 0,
      "bgColor": 16777215,
      "classSelector": ".icon"
    },
    "historySize": 100,
    "showCodes": true,
    "gridSize": 16
  }
}